id,image,name,date,title,content,category
1,"https://res.cloudinary.com/dm7ntehzl/image/upload/v1733850439/StreetPulse/BlogImages/i755vl1kze6ai4brjhka.avif","Zephyr Storm","2024-12-14T11:34:11.525Z","The Art of Styling: How to Transform Your Wardrobe with Simple Fashion Staples","When it comes to creating a versatile and stylish wardrobe, you don't need a closet full of trendy items. In fact, the secret to timeless style lies in embracing fashion staples that are both simple and adaptable. With just a few key pieces, you can mix and match to create countless outfits that will carry you through every season.  One of the most essential fashion staples is the white button-down shirt. This classic piece is incredibly versatile and can be styled in various ways to suit different occasions. For a professional look, pair it with tailored pants or a pencil skirt. For a more relaxed, off-duty style, tuck it into a pair of jeans or knot it at the waist for a casual yet chic appearance. The white button-down is the epitome of timeless style and can be dressed up or down effortlessly.  Another must-have item is the little black dress (LBD). This wardrobe staple is often seen as a go-to piece for formal occasions, but it’s far more versatile than many realize. Pair your LBD with sneakers for a casual brunch look or add bold accessories to elevate it for evening events. The beauty of the LBD lies in its ability to transition from day to night with ease, making it a true wardrobe hero.  Next, dark wash jeans should never be underestimated. They’re flattering on all body types and can be dressed up with a blazer or dressed down with a simple T-shirt. Dark denim is versatile enough to pair with nearly anything in your wardrobe and can be worn year-round. Whether you're heading to a casual gathering or an evening out, dark jeans provide a sleek and polished look without sacrificing comfort.  Additionally, a well-fitted blazer is a wardrobe staple that instantly elevates any outfit. While often associated with office wear, a blazer can be worn casually over a graphic tee and jeans, adding an air of sophistication. Whether you opt for a neutral tone or a statement color, a good blazer can transform even the simplest outfits into something special.  Lastly, don’t forget about comfortable, classic shoes. A pair of stylish flats, loafers, or neutral-colored heels can complement almost any outfit. These shoes can take you from work to play without compromising on comfort, making them a staple in any wardrobe.  By focusing on these simple fashion staples, you can create a wardrobe that allows for endless outfit possibilities. The beauty of these pieces lies in their simplicity—they’re timeless, versatile, and can easily be styled for any occasion. So, instead of chasing trends, start with the basics, and build a wardrobe that reflects your personal style while being both practical and fashionable.","Lifestyle"
4,"https://res.cloudinary.com/dm7ntehzl/image/upload/v1733850441/StreetPulse/BlogImages/fvkttvgdcf8lniumscsx.avif","Kael Draven","2024-12-14T11:34:11.525Z","Sustainable Fashion: Why Choosing Eco-Friendly Clothing Is the Key to a Greener Future","Sustainable fashion is more than just a passing trend—it’s a movement that aims to reduce the environmental impact of the fashion industry while promoting ethical and responsible consumption. As we become more aware of the effects of fast fashion, it’s clear that the choices we make in our wardrobes can have a profound impact on the planet. Choosing eco-friendly clothing isn’t just a way to embrace new trends; it’s an important step toward a greener future.  The fast fashion industry is known for its massive waste production and the exploitation of cheap labor. Many clothing brands prioritize speed and low-cost production, leading to mass production of poorly made garments that are often discarded after a season or two. This results in the overconsumption of resources, pollution, and a significant carbon footprint. However, sustainable fashion takes a different approach by focusing on durability, quality, and ethical production practices.  One of the key benefits of sustainable fashion is that it encourages the use of eco-friendly materials. Organic cotton, hemp, and bamboo are examples of sustainable fabrics that have a lower environmental impact than conventional materials. These fabrics require fewer pesticides, water, and chemicals during production, reducing pollution and promoting a healthier ecosystem. Additionally, many eco-friendly brands are embracing the use of recycled fabrics, giving new life to old materials and reducing the need for virgin resources.  Another important aspect of sustainable fashion is ethical labor practices. Many sustainable brands prioritize fair wages, safe working conditions, and support for artisans and local communities. By supporting brands that value these ethical standards, consumers can help ensure that the people behind the clothes are treated with respect and dignity. This focus on ethical practices contrasts with the exploitative labor often associated with fast fashion, where workers are paid very low wages and subjected to unsafe working environments.  Incorporating sustainable fashion into your wardrobe also means embracing a more mindful approach to consumption. Instead of constantly buying new clothes, focus on purchasing quality pieces that will last longer. Look for brands that create timeless, versatile designs that can be worn for years, rather than just a season. Additionally, try to support brands that are transparent about their environmental and social impact, ensuring that the clothing you buy aligns with your values.  Lastly, sustainable fashion isn’t just about buying eco-friendly clothes—it’s also about care and repair. By properly caring for your garments, repairing items when they’re damaged, and choosing second-hand options, you can significantly reduce waste and extend the lifespan of your clothing. Thrift shopping and clothing swaps are great ways to keep your wardrobe fresh while reducing your environmental footprint.  In conclusion, sustainable fashion offers a meaningful way to make a positive impact on the planet. By choosing eco-friendly materials, supporting ethical brands, and adopting mindful consumption habits, we can all contribute to a greener future for the fashion industry.","Beauty"
10,"https://res.cloudinary.com/dm7ntehzl/image/upload/v1733850447/StreetPulse/BlogImages/yv75dfkx6z4g4hlvxrat.avif","Raven Skye","2024-12-14T11:34:11.525Z","Seasonal Fashion Transitions: How to Adjust Your Wardrobe for Changing Weather Without Sacrificing Style","As the seasons change, it’s important to transition your wardrobe in a way that ensures you stay stylish and comfortable. Moving from one season to another can present challenges—particularly when you’re trying to dress for unpredictable weather. However, with a little planning and a few strategic additions to your wardrobe, you can effortlessly adapt your style without compromising on fashion. Let’s explore how to adjust your wardrobe for changing weather, so you can stay chic all year long.  Layering is your best friend when transitioning between seasons. Early spring or late fall can be tricky, with temperatures fluctuating throughout the day. The solution is to opt for lightweight layers that can easily be added or removed depending on the weather. For example, a light sweater under a denim jacket or a blouse with a cardigan can give you the flexibility to adjust as needed. When you’re transitioning into the cooler months, incorporate a lightweight coat or trench coat over your lighter outfits. This allows you to stay warm without feeling weighed down by bulkier outerwear.  Another great tip is to embrace transitional fabrics. As the temperature begins to shift, it’s important to swap out heavy, winter fabrics like wool and flannel for lighter materials such as cotton, linen, or even breathable blends. A cotton blazer or linen trousers work wonderfully for spring, while a silk blouse or knit sweater can transition you comfortably into fall. By choosing breathable, natural fabrics, you ensure that you’re comfortable as the weather changes.  When it comes to footwear, boots are a staple for colder months, but as the weather warms up, switch to flats or sneakers that offer comfort and style. Ankle boots can transition seamlessly from winter to spring, while loafers or ballet flats make a chic option for mild weather. During the warmer months, opt for breathable, open-toe shoes or sandals. Remember that your shoes should reflect the temperature outside while still complementing your outfits.  Accessories also play a key role in seasonal transitions. A scarf, hat, or gloves can add warmth when needed, but as the temperature rises, swap out your winter accessories for lighter options like sun hats or lightweight scarves. A sleek leather handbag or a woven tote can make a great transition, giving your outfit a fresh seasonal look.  Don’t forget to embrace seasonal colors as well. During the colder months, deep hues like burgundy, navy, and charcoal are perfect for layering and creating a cozy feel. As the weather warms up, introduce lighter, brighter shades like pastels, neutrals, and floral prints to match the season’s mood. You don’t have to change everything at once, but gradually incorporating new colors into your wardrobe helps signal the change in season.  By thoughtfully considering your fabrics, accessories, and layering options, you can ensure that your wardrobe transitions smoothly with the seasons. This approach allows you to stay stylish and comfortable no matter what the weather brings.","Fashion"
7,"https://res.cloudinary.com/dm7ntehzl/image/upload/v1733850441/StreetPulse/BlogImages/w0kel1twkgkoxoqrkehi.avif","Thorne Ashwood","2024-12-14T11:34:11.525Z","From Basics to Bold: How to Build a Capsule Wardrobe That Fits Your Lifestyle","Building a capsule wardrobe is all about selecting a few timeless, versatile pieces that can be mixed and matched to create a variety of outfits. This minimalist approach to fashion helps you avoid overpacking your closet with unnecessary items, while ensuring that you always have something stylish to wear. Whether you’re looking to streamline your wardrobe or simply want to simplify your daily outfit choices, creating a capsule wardrobe is a great way to make the most out of the clothes you already own.  The first step in building a capsule wardrobe is identifying your core essentials. These are the pieces that serve as the foundation of your wardrobe and can be dressed up or down depending on the occasion. Start with items like a high-quality white button-down shirt, a pair of well-fitting jeans, a classic blazer, and a versatile little black dress. These timeless pieces will never go out of style and can be paired with a wide variety of other clothing items to create endless outfit combinations.  Next, consider adding a few statement pieces to your capsule wardrobe. These are items that reflect your personal style and can make an outfit feel fresh and unique. For example, a bold-colored jacket, patterned scarf, or a pair of statement shoes can elevate a simple outfit and give it a more individualized touch. The key is to choose statement pieces that complement your core essentials, so they can be easily integrated into your existing wardrobe.  When selecting pieces for your capsule wardrobe, it’s important to choose versatile, high-quality fabrics. Natural fibers like cotton, wool, and silk tend to last longer and age better than synthetic materials. Invest in well-made, durable items that will withstand regular wear and still look great after several years. This not only saves you money in the long run but also reduces your environmental impact by encouraging slower fashion consumption.  One of the great advantages of a capsule wardrobe is that it encourages intentional shopping. By narrowing down your clothing choices, you become more mindful about what you purchase. Instead of buying items on impulse, take time to select pieces that you truly love and will wear often. Stick to a color palette that suits your personal style and can easily be mixed and matched with other pieces in your wardrobe. Neutral colors like black, white, navy, and beige work well as a base, but don’t be afraid to incorporate a few pops of color to keep things interesting.  Once you’ve curated your capsule wardrobe, it’s time to focus on accessories. Simple yet stylish accessories, such as a quality handbag, classic watch, or versatile scarf, can transform any outfit. Accessories are an easy way to refresh your look without needing to buy new clothes constantly.  By building a capsule wardrobe, you can ensure that you always have a collection of versatile, high-quality pieces that fit your lifestyle and personal style. It takes the guesswork out of getting dressed and encourages a more sustainable, intentional approach to fashion.","Fashion"
9,"https://res.cloudinary.com/dm7ntehzl/image/upload/v1733850444/StreetPulse/BlogImages/snlwvwtepcoi14cz1k0j.avif","Cassian Frost","2024-12-14T11:34:11.525Z","The Evolution of Street Style: How to Incorporate Urban Fashion into Your Wardrobe","Street style has come a long way from being a subculture of rebellion to a dominant force in the fashion industry. Today, urban fashion is not just seen on the streets but showcased on runways, in fashion magazines, and across social media platforms. The essence of street style lies in its ability to blend comfort, individuality, and trendiness, making it both practical and expressive. Incorporating elements of street style into your wardrobe allows you to embrace a laid-back yet bold aesthetic. Let’s explore how you can channel urban fashion into your everyday outfits.  At the heart of street style is comfort and functionality. Urban fashion takes inspiration from sportswear, casual pieces, and utilitarian clothing, so it’s all about wearing what feels good while still looking cool. Start by incorporating athleisure into your wardrobe. Joggers, oversized hoodies, and sneakers are staples that reflect the essence of street style. Whether you’re running errands or hanging out with friends, these pieces offer both comfort and a sense of style.  One of the core aspects of street fashion is its emphasis on mixing high and low styles. This means pairing luxury or high-end items with more affordable, casual pieces to create a balanced look. For instance, you could wear a designer leather jacket with distressed jeans and a simple white T-shirt. Alternatively, pairing a chunky sneaker with a tailored blazer offers an unexpected, fashionable twist. By blending contrasting styles, you can elevate casual pieces and add a touch of luxury to more laid-back outfits.  Graphic tees are also a key element of street style. These shirts often feature bold prints, logos, or statements that reflect personal interests, pop culture, or artistic expression. A well-chosen graphic tee can be the focal point of your outfit, allowing you to make a statement without much effort. Pair it with distressed jeans, a leather jacket, or a denim skirt for a chic yet edgy look. To add a twist, layer a graphic tee over a long-sleeve shirt for a trendy, street-ready vibe.  Sneakers are arguably the most iconic item associated with street style. From classic white sneakers to chunky, oversized designs, sneakers are a perfect way to add urban flair to any outfit. They work with everything, from dresses to tailored suits, and can instantly make an outfit feel more relaxed and approachable. Whether you’re wearing them for a sporty look or as a fashion statement, sneakers are a versatile footwear choice that captures the spirit of street style.  Street style also embraces oversized silhouettes and layering. Baggy pants, oversized jackets, and loose-fitting shirts are often paired with more structured items to create balance and contrast. For example, an oversized hoodie might be layered under a fitted blazer, or wide-leg pants could be paired with a cropped jacket. The key to this trend is ensuring that the proportions feel intentional rather than sloppy.  Another great way to infuse urban fashion into your wardrobe is through bold accessories. Hats, chunky jewelry, and crossbody bags are street style essentials that add personality and flair to any outfit. A bucket hat or beanie can provide a cool, laid-back vibe, while statement necklaces or chunky rings can amp up the edge of your look.  Finally, don’t forget that personal expression is at the heart of street style. It’s about making fashion choices that feel authentic to you and represent your unique identity. Whether you mix patterns, experiment with colors, or rock a vintage piece, urban fashion is all about standing out and expressing yourself confidently. Embrace pieces that make you feel empowered and put your own spin on trends.  By incorporating these street style elements, you can infuse your wardrobe with the spirit of urban fashion, creating stylish, comfortable looks that reflect your personality and make a statement wherever you go.","StreetStyle"
5,"https://res.cloudinary.com/dm7ntehzl/image/upload/v1733850441/StreetPulse/BlogImages/lrwqsa98gn1tlposuofu.avif","Seraphine Blaze","2024-12-14T11:34:11.525Z","Color Theory and Fashion: How to Use Color Combinations to Create Stunning Outfits for Every Mood","Color is one of the most powerful tools in fashion, capable of evoking emotions, setting moods, and making statements. The way we combine colors in our outfits can dramatically influence our overall look and how we feel. Understanding the principles of color theory can help you create stunning outfits that not only look stylish but also express your personality and mood. Let’s explore how to use color combinations to elevate your wardrobe.  First, let’s talk about the basics of color theory. Colors are typically divided into three categories: primary colors (red, blue, yellow), secondary colors (green, orange, purple), and tertiary colors (a mix of primary and secondary colors). These categories create the color wheel, which serves as a helpful guide when deciding how to pair different colors. For instance, complementary colors, which are located opposite each other on the wheel (like blue and orange), create a bold and dynamic look when worn together. On the other hand, analogous colors, which sit next to each other (like blue and green), create a harmonious, soothing effect.  When it comes to creating contrast, pairing a neutral color with a bold one is a simple yet effective strategy. For example, combining a neutral white or black top with a bright red skirt can create an eye-catching outfit that balances vibrancy and elegance. Similarly, wearing a neutral-colored dress with a colorful scarf or accessory can allow the accessory to pop while keeping the overall look sophisticated.  For a more monochromatic look, experiment with different shades of the same color. This creates a clean and cohesive outfit that feels put-together and elegant. For instance, pairing a light blue blouse with navy blue pants and blue accessories can create a chic monochrome outfit. This approach is perfect for those who prefer a more minimalist style, as it requires fewer pieces while still achieving a polished and sophisticated look.  Earth tones, like browns, greens, and oranges, offer a warm, grounded aesthetic. These colors are perfect for autumn and winter months but can be worn year-round. Earth tones can be paired together for a natural, rustic look, or you can pair them with pops of brighter colors, like mustard yellow or deep red, for a more dynamic outfit.  For a fresh, spring-inspired look, pastel colors are a great option. Soft pinks, blues, and lilacs exude a light, airy feel, perfect for warmer weather. When pairing pastels, you can either create a soft, monochromatic outfit or combine them with neutral tones to avoid overwhelming the look. A pale pink dress paired with white sneakers, for example, creates a stylish yet relaxed vibe.  Lastly, bold color blocking can make a statement. This involves pairing contrasting colors in large, bold blocks. Think a bright yellow top with a cobalt blue skirt or a green jacket with purple pants. Color blocking is all about confidence and creating visual interest, so don’t be afraid to experiment with vibrant colors to create a striking and unique outfit.  By understanding the basics of color theory and how to use it in your wardrobe, you can elevate your fashion choices to create outfits that express your personality, enhance your mood, and make you feel fabulous. Whether you’re aiming for harmony, contrast, or a bold statement, the possibilities are endless when it comes to color.","StreetStyle"
3,"https://res.cloudinary.com/dm7ntehzl/image/upload/v1733850440/StreetPulse/BlogImages/xfurrxwfqtcl9lpkypf1.avif","Lyra Nova","2024-12-14T11:34:11.525Z","Breaking Down Fashion Myths: The Truth Behind Popular Style Beliefs and How to Embrace Your Unique Look","Fashion has long been shaped by societal expectations and often comes with a set of rules that people are expected to follow. However, many of these ""fashion rules"" are simply myths, created over time and often reinforced by magazines, celebrities, and influencers. The truth is, fashion is about self-expression and comfort, and there’s no single way to dress. Let’s break down some of the most common fashion myths and discuss how to embrace your unique look without falling victim to them.  One popular myth is that black is slimming. While it’s true that black is a color that can create a streamlined look, the idea that it’s the only slimming option is simply untrue. In reality, the right fit and cut are far more important than the color of your clothing. Wearing clothes that fit your body well—no matter the color—will always look better than squeezing into something simply because it’s dark. In fact, bright colors and bold patterns can also accentuate your shape in flattering ways, challenging the notion that dark clothing is the only slimming choice.  Another myth revolves around the idea that you should never mix patterns. The truth is, mixing patterns is one of the most creative ways to express personal style. The key to making it work is choosing patterns that have complementary colors or sizes. For example, pairing stripes with florals or polka dots with plaid can create a playful and visually appealing look. Don’t be afraid to experiment—fashion is all about pushing boundaries and trying new things.  Many people also believe that you need to follow trends to be fashionable, but the reality is, staying true to your personal style is far more important. Trends come and go, but style is something that lasts. If you like a particular trend, feel free to incorporate it into your wardrobe, but don’t feel pressured to buy into every passing fad. Curate a wardrobe filled with pieces that make you feel confident and comfortable, regardless of what’s currently “in.”  A commonly heard fashion rule is that you should never wear white after Labor Day. However, this outdated guideline has long since been dismissed. White can be worn year-round, whether it’s a crisp white blouse in the winter or a pair of white jeans in the summer. The trick to making white work in colder months is pairing it with richer textures, such as wool, leather, or velvet, which give it a more seasonally appropriate vibe.  Lastly, many people think they need a large wardrobe to be stylish, but in reality, quality always trumps quantity. By investing in a few high-quality, timeless pieces that suit your body and lifestyle, you’ll be able to create a wide variety of outfits. It's better to have a curated selection of versatile clothing than to buy a ton of fast-fashion pieces that may fall out of style or quality after a few wears.  By understanding these fashion myths and embracing the idea that style is personal, you can break free from restrictive beliefs and begin dressing in a way that reflects who you truly are.","Beauty"
8,"https://res.cloudinary.com/dm7ntehzl/image/upload/v1733850442/StreetPulse/BlogImages/lk6ygjy644yn8unkwylz.avif","Nyx Hawke","2024-12-14T11:34:11.525Z","How to Master the Art of Layering: Fashion Tips for Staying Stylish and Warm in Any Season","Layering is one of the most essential styling techniques for any season, especially when you want to balance both warmth and fashion. Mastering the art of layering allows you to adjust your outfit to various temperatures throughout the day while still looking chic and put-together. Whether it's winter, fall, or the unpredictable spring and autumn transitions, the key to successful layering lies in choosing versatile pieces and knowing how to combine them effectively. Let’s dive into some fashion tips that will help you layer with ease and stay stylish no matter the weather.  The foundation of any great layered look starts with choosing lightweight, breathable fabrics. For colder months, the idea is to layer warmth without feeling bulky. Begin with a thin, moisture-wicking base layer like a long-sleeve shirt or thermal top. Fabrics like merino wool or cotton are excellent choices as they trap heat while still allowing your skin to breathe. In warmer seasons, you can use thinner layers to stay cool while adding dimension to your outfit.  Once you have your base, the next layer is all about adding warmth and texture. A sweater, cardigan, or casual shirt works well for this. For colder days, you might opt for a chunky knit sweater or fleece, while a sleek cashmere or thin wool pullover can offer warmth without adding unnecessary volume. You can also experiment with different textures here: a soft knit sweater paired with a denim jacket, or a flannel shirt under a puffer vest. Mixing textures adds interest to your outfit and makes it look more thoughtfully composed.  For the outermost layer, the outerwear piece is crucial, especially in colder weather. Choose a jacket or coat that not only provides warmth but also complements your layered look. A classic trench coat or tailored pea coat can elevate your entire outfit, while a casual puffer jacket or bomber jacket offers a more relaxed vibe. Make sure the outer layer is easy to remove or adjust, so you’re prepared for sudden changes in weather.  Accessories are key to adding the finishing touches when layering. Scarves, hats, and gloves not only keep you warm but also add an extra layer of style. A statement scarf can act as a focal point, while gloves or a beanie can add functionality to your look. Don’t be afraid to experiment with accessories—mix and match colors, patterns, and textures to enhance your layered outfits.  Finally, remember that layering is about proportion. When layering multiple pieces, be mindful of the overall shape of your outfit. If you’re wearing a voluminous sweater, try pairing it with more fitted pants or leggings to balance the silhouette. Likewise, a more structured outer layer should be balanced with a lighter or looser base layer underneath. The key is to ensure that each layer enhances the overall look without making you feel overwhelmed by too many bulky pieces.  With these tips in mind, layering becomes less about just staying warm and more about creating versatile, fashionable outfits. By choosing the right fabrics, balancing proportions, and accessorizing thoughtfully, you can create layered outfits that look stylish and function for any season.","Lifestyle"
2,"https://res.cloudinary.com/dm7ntehzl/image/upload/v1733850439/StreetPulse/BlogImages/wuwtvmcziiia7e71vevt.avif","Orion Vex","2024-12-14T11:34:11.525Z","10 Timeless Fashion Trends That Will Always Be in Style, No Matter the Season","Fashion trends are constantly evolving, but there are certain styles that remain iconic year after year. These timeless trends never lose their appeal and have become wardrobe essentials for many. Whether it's a classic piece or a subtle design detail, these fashion choices stand the test of time and continue to be stylish, no matter the season.  One of the most enduring fashion staples is the white shirt. Simple yet elegant, the white shirt can be styled in endless ways. A crisp white button-down shirt is perfect for a formal occasion, while a relaxed white T-shirt can be dressed up or down. Its versatility makes it a key piece in any wardrobe, and it pairs well with almost everything—making it suitable for any season.  Another staple that has remained relevant for decades is the tailored blazer. Originally a symbol of professionalism, the blazer has now evolved into a fashion statement for both men and women. A well-fitted blazer instantly adds sophistication to any outfit. Pair it with a pair of jeans for a smart-casual look or wear it over a dress for a chic and polished appearance. The beauty of the blazer lies in its ability to be both classic and modern at the same time, offering style that transcends trends.  Denim jeans are another item that has never gone out of style. From bell-bottoms to skinny cuts, the way jeans are styled may change, but the classic denim fabric remains a wardrobe essential. Whether you opt for a tailored fit or relaxed style, denim jeans offer unparalleled versatility. They can be dressed up with a blazer or kept casual with a T-shirt, making them a must-have in every wardrobe, no matter the season.  The little black dress (LBD) is perhaps one of the most iconic pieces in the fashion world. Coco Chanel’s timeless creation remains a go-to choice for formal and semi-formal events. The beauty of the LBD lies in its simplicity, making it easy to accessorize and adapt to different occasions. With the right accessories, this dress can be transformed from a day-time look to an elegant evening outfit, and its appeal never fades.  For those colder months, the trench coat is an undeniable classic. Originally designed as a military garment, it has become a stylish and practical outerwear piece. Whether it’s a rainy day or a chilly evening, the trench coat adds an air of sophistication and can be worn with virtually any outfit. Its timeless design ensures that it remains relevant season after season, providing both warmth and style.  Neutral colors, such as black, white, beige, and gray, have remained at the forefront of fashion for years. These colors are synonymous with sophistication and can be easily paired together to create effortlessly chic looks. Neutral tones are also versatile enough to work in any season, from the bright days of summer to the cozy warmth of winter, making them a staple in any wardrobe.  The leather jacket is another iconic fashion piece that has stood the test of time. Whether it's a biker-style jacket or a sleek, tailored version, leather jackets are synonymous with cool, edgy style. They can be paired with dresses for a contrast of feminine and tough or worn over a simple tee and jeans for an easy, laid-back look. No matter the season, a leather jacket remains a timeless piece that adds character and style to any outfit.  Striped tops are a simple yet effective way to add visual interest to your wardrobe. The bold yet understated pattern makes them appropriate for casual days or even dressed up for a night out. Whether you choose horizontal or vertical stripes, this classic print never goes out of fashion and adds a touch of fun to any outfit.  Pearl jewelry is another element that has withstood the test of time. From a single pearl necklace to elegant pearl earrings, these accessories are synonymous with sophistication and grace. Pearls have been a symbol of wealth and luxury for centuries, and their timeless appeal continues to make them a popular choice for special occasions or everyday elegance.  Finally, the puffer jacket has evolved into a fashion-forward piece that provides both style and warmth. Originally seen as purely functional outerwear, the puffer jacket has been embraced by fashionistas worldwide for its versatility. Whether in bold colors or neutral tones, it is now a stylish option for winter months and can be styled in various ways to suit both casual and more elevated outfits.  These ten timeless fashion trends prove that style doesn’t need to be constantly reinvented. By embracing these classic pieces, you can build a wardrobe that remains chic and versatile throughout the years, offering you endless outfit possibilities no matter the season.","StreetStyle"
6,"https://res.cloudinary.com/dm7ntehzl/image/upload/v1733850441/StreetPulse/BlogImages/kk4y5fckvq4tjyzg3fmr.avif","Jax Winterborne","2024-12-14T11:34:11.525Z","From Runway to Real Life: Translating High Fashion Trends into Wearable Outfits for the Everyday Fashionista","Fashion weeks around the world showcase the latest collections from top designers, filled with bold concepts, extravagant designs, and jaw-dropping runway moments. However, for many fashion lovers, the runway can sometimes feel like a distant dream—one filled with outfits that seem impossible to wear in real life. But with a little creativity and the right approach, you can take high fashion trends and adapt them into wearable outfits that work for your everyday life. Here’s how to do it.  One trend that has been making waves on the runway in recent years is oversized silhouettes. While runway models often wear exaggerated versions of oversized coats, sweaters, and pants, the key to making this trend work in real life is balance. Opt for an oversized blazer paired with tailored pants, or a loose, oversized sweater tucked into high-waisted jeans. The trick is to keep one part of the outfit fitted to create structure and prevent the look from overwhelming your frame. A flowing maxi dress, for example, can be paired with a slim belt to cinch in the waist and add shape.  Another high fashion trend that can easily be translated into everyday outfits is bold prints and patterns. From floral motifs to animal prints, designers have embraced pattern-heavy collections in recent years. To incorporate bold prints into your wardrobe without going overboard, consider starting small. A leopard print scarf or a striped blouse can make a statement without feeling too intense. Alternatively, pair bold prints with solid colors to allow the pattern to take center stage without competing with other elements of your outfit.  Statement accessories are another trend seen on many runways, and they can be the perfect way to elevate an otherwise simple outfit. Large, oversized earrings, chunky necklaces, or unique handbags can make a casual look feel chic and fashion-forward. If you’re hesitant to go all in with dramatic accessories, start with smaller pieces like a metallic belt or a colorful bag, which can instantly add personality to any outfit.  The monochromatic look has been a favorite of fashion designers for years, often seen in sleek, head-to-toe outfits made from the same color. To make this trend wearable for everyday life, try combining different shades of the same color. For example, pairing a pale pink blouse with a rose-colored skirt and soft pink accessories creates a stylish yet approachable monochrome look. Mixing textures—like pairing a knitted sweater with silk trousers—can add depth and interest to the outfit while still keeping it cohesive.  High-fashion runways also feature a lot of metallics and shiny fabrics, which can feel intimidating to wear in everyday settings. But incorporating metallic pieces doesn’t have to mean wearing a full-on glittery outfit. Start with subtle metallic accents, like a metallic blazer, shoes, or handbag, to add some sparkle to your look without overdoing it.  Finally, sustainable fashion has taken center stage on the runway, and this trend is one that translates perfectly into real life. Many designers now focus on using eco-friendly fabrics, and this is a trend you can easily embrace. Opt for brands that prioritize sustainability and seek out clothing that is both fashionable and environmentally conscious. Wearing pieces made from organic cotton, recycled fabrics, or items that are ethically produced not only supports the environment but also elevates your style.  By carefully selecting and adapting high fashion trends, you can create wearable outfits that express your personal style while staying true to the latest runway looks. Fashion doesn’t have to be reserved for the catwalk—by making small adjustments, you can turn high-fashion trends into practical and stylish outfits for your everyday life.","Beauty"